PRAGMA foreign_keys = ON;

INSERT INTO PESSOA VALUES (1, "Alexandra Mendes", 20, 201604741, "Rua do Picoto", "F");
INSERT INTO PESSOA VALUES (2, "Ana Claudia Mendes", 26, 20181504, "Rua do Picoto", "F");
INSERT INTO PESSOA VALUES (3, "Duarte Carvalho", 20, 15540645, "Rua Monte Aventino", "M");
INSERT INTO PESSOA VALUES (4, "Joao Gama Amaral", 20, 04152018, "Rua das Antas", "M");
INSERT INTO PESSOA VALUES (5, "Joana Silva Rodrigues", 23, 03122180, "Rua Manuel Laranjeira", "F");
INSERT INTO PESSOA VALUES (6, "Ricardo Sousa", 22, 0123456, "Rua Igreja das Antas", "M" );
INSERT INTO PESSOA VALUES (7, "Carolina Soares", 20, 3213132, "Rua Igreja das notas", "F" );
INSERT INTO PESSOA VALUES (8, "Herrera Ferreira", 105, 231123, "Estadio do dragao", "M" );
INSERT INTO PESSOA VALUES (9, "Alexandra Carvalho", 24, 204604741, "Rua do Fereiro", "F");
INSERT INTO PESSOA VALUES (10, "Ana Mendes", 26, 20181231504, "Avenida dos Clerigos", "F");
INSERT INTO PESSOA VALUES (11, "Filipe Carvalho", 22, 15544645, "Rua Monte Aventino", "M");
INSERT INTO PESSOA VALUES (12, "Joao Silva", 20, 04158018, "Rua das Antas", "M");
INSERT INTO PESSOA VALUES (13, "Joana Rodrigues", 23, 03172180, "Rua Manuel Americo", "F");
INSERT INTO PESSOA VALUES (14, "Rui Sousa", 22, 0193456, "Avenida Europa", "M" );
INSERT INTO PESSOA VALUES (15, "Rui Soares", 20, 3253132, "Rua Igreja dos Monges", "F" );
INSERT INTO PESSOA VALUES (16, "Rui Alves", 19, 237123, "Estadio do Bessa", "M" );
INSERT INTO PESSOA VALUES (17, "Pedro Moreira", 37, 63794827, "Avenida Europa", "M");
INSERT INTO PESSOA VALUES (18, "Francisco Souto", 40, 12958473, "Sr. da Conceiçao", "M");
INSERT INTO PESSOA VALUES (19, "Tomás Viveiros", 59, 374683920, "Paroquia Nova", "M");
INSERT INTO PESSOA VALUES (20, "Teresa Albuquerque", 34, 56783456, "Travessa da Areosa", "F");
INSERT INTO PESSOA VALUES (21, "Adélia Maria da Costa Santos ", 51, 201711973, "Rua 5 de Outubro", "M");
INSERT INTO PESSOA VALUES (22, "Afonso Jorge Moreira Maia Ramos ", 31, 201506239, "Travessa Central do Seixo", "F");
INSERT INTO PESSOA VALUES (23, "Afonso José Guerra da Mota de Almeida Azevedo ", 53, 201603523, "Travessa Dom Frei Luís Álvaro de Távora", "F");
INSERT INTO PESSOA VALUES (24, "Alexandra Isabel Vieites Mendes ", 26, 201604741, "Rua de Mormugão", "M");
INSERT INTO PESSOA VALUES (25, "Amadeu Prazeres Pereira ", 26, 201605646, "Rua de São Gens", "M");
INSERT INTO PESSOA VALUES (26, "Ana Isabel Ferreira Maia ", 48, 201504108, "Rua Central do Viso", "M");
INSERT INTO PESSOA VALUES (27, "Ana Rita Fonseca Santos ", 22, 201605240, "Rua Dom Frei Nuno de Goyos", "M");
INSERT INTO PESSOA VALUES (28, "Ana Rita Norinho Pinto ", 38, 201606003, "Rua de Ormuz", "M");
INSERT INTO PESSOA VALUES (29, "Ana Sá e Sousa Carneiro da Silva ", 49, 201604105, "Rua dos Fogueteiros", "M");
INSERT INTO PESSOA VALUES (30, "André Filipe de Soveral Torres Lopes dos Santos ", 23, 200505634, "Rua Artur Napoleão", "M");
INSERT INTO PESSOA VALUES (31, "André Filipe Pinto Esteves ", 31, 201606673, "Rua Monte de São Gens", "F");
INSERT INTO PESSOA VALUES (32, "André Luís Lázaro Ferreira ", 23, 201504706, "Rua Serviço STCP", "F");
INSERT INTO PESSOA VALUES (33, "Ângelo Miguel Tenreiro Teixeira ", 54, 201606516, "Travessa António Ramalho", "M");
INSERT INTO PESSOA VALUES (34, "Antero Campos Gandra ", 35, 201607926, "Rua de Picoto", "M");
INSERT INTO PESSOA VALUES (35, "António Jorge Aguiar do Vale ", 51, 201404572, "Rua Dom Frei Nuno de Goyos", "M");
INSERT INTO PESSOA VALUES (36, "António Manuel Ribeiro Pereira da Costa ", 61, 201609065, "Travessa de Ormuz", "M");
INSERT INTO PESSOA VALUES (37, "António Nunes da Cruz ", 39, 201603526, "Rua Nova do Seixo", "M");
INSERT INTO PESSOA VALUES (38, "Beatriz de Henriques Martins ", 31, 201502858, "Rua da Fonte Velha", "M");
INSERT INTO PESSOA VALUES (39, "Beatriz Soares Mendes ", 46, 201604253, "Rua da Amieira", "M");
INSERT INTO PESSOA VALUES (40, "Bernardo Manuel Costa Barbosa ", 25, 201503477, "Via Norte", "F");
INSERT INTO PESSOA VALUES (41, "Bernardo Manuel Faria Ramos ", 52, 201505092, "Via Norte", "F");
INSERT INTO PESSOA VALUES (42, "Bernardo Oliveira Teixeira Santos ", 58, 201504711, "Rua de Ormuz", "M");
INSERT INTO PESSOA VALUES (43, "Bruno André de Oliveira Vale Marques Fernandes ", 57, 200707284, "Rua Serviço STCP", "M");
INSERT INTO PESSOA VALUES (44, "Bruno Dias da Costa Carvalho ", 58, 201606517, "Rua António Patrício", "M");
INSERT INTO PESSOA VALUES (45, "Bruno Edgar Évora Rebelo Oliveira ", 21, 201605516, "Rua António Costa Reis", "M");
INSERT INTO PESSOA VALUES (46, "Bruno Miguel da Silva Barbosa Sousa ", 45, 201604145, "Estrada Exterior da Circunvalação", "F");
INSERT INTO PESSOA VALUES (47, "Carlos Daniel Coelho Ferreira Gomes ", 61, 201603404, "Rua Aldeia Nova", "M");
INSERT INTO PESSOA VALUES (48, "Carlos Manuel Pires Bras ", 34, 201404616, "Rua da Fonte Velha", "M");
INSERT INTO PESSOA VALUES (49, "Carlos Miguel Sousa Vieira ", 51, 201606868, "Rua Sérgio Manuel da Silva Leite", "F");
INSERT INTO PESSOA VALUES (50, "Carolina Vasconcelos Castro Azevedo ", 55, 201506509, "Travessa Soares dos Reis", "M");
INSERT INTO PESSOA VALUES (51, "Catarina de Almeida Figueiredo ", 63, 201606334, "Travessa Mário Botas", "M");
INSERT INTO PESSOA VALUES (52, "Célio Bruno Faustino Nunes ", 35, 200800660, "Rua do Alto do Viso", "F");
INSERT INTO PESSOA VALUES (53, "César Alexandre da Costa Pinho ", 28, 201604039, "Rua da Telheira", "F");
INSERT INTO PESSOA VALUES (54, "César Manuel Nobre Medeiros ", 44, 201605344, "Rua de Avilhó", "M");
INSERT INTO PESSOA VALUES (55, "Christopher Fernandes de Abreu ", 39, 201604735, "Travessa Carlos de Oliveira", "M");
INSERT INTO PESSOA VALUES (56, "Cláudia Raquel Botelho Sobral Mamede ", 21, 201604832, "Rua da Realidade", "M");
INSERT INTO PESSOA VALUES (57, "Cláudio Fischer Lemos ", 21, 201603542, "Rua Isolina Costa Lima", "M");
INSERT INTO PESSOA VALUES (58, "Daniel Pereira da Silva ", 55, 201503212, "Rua Padre Manuel Bernardes", "M");
INSERT INTO PESSOA VALUES (59, "David Rafael Silva Falcão ", 35, 201506571, "Rua Central do Seixo", "F");
INSERT INTO PESSOA VALUES (60, "Dinis Falcão Leite Moreira ", 23, 201503092, "Rua Carlos de Oliveira", "F");
INSERT INTO PESSOA VALUES (61, "Diogo Afonso Duarte Reis ", 30, 201505472, "Travessa Nova do Seixo", "M");
INSERT INTO PESSOA VALUES (62, "Diogo Eurico Vaz de Bacelar da Fonseca e Costa ", 43, 201505198, "Via Norte", "F");
INSERT INTO PESSOA VALUES (63, "Diogo Figueiredo Silva ", 32, 201603438, "Travessa do Viso", "F");
INSERT INTO PESSOA VALUES (64, "Diogo Filipe Alves Dores ", 25, 201504614, "Alameda Miguel Almeida", "F");
INSERT INTO PESSOA VALUES (65, "Diogo Filipe da Silva Yaguas ", 48, 201606165, "Rua António Patrício", "M");
INSERT INTO PESSOA VALUES (66, "Diogo Henrique de Almeida Silva Pereira ", 65, 201505318, "Rua João Sá Peixoto", "M");
INSERT INTO PESSOA VALUES (67, "Diogo Leal da Silva Mota Pinto ", 41, 201404527, "Rua Carlos de Oliveira", "M");
INSERT INTO PESSOA VALUES (68, "Diogo Lousa Ribeiro ", 32, 201605324, "Rua da Amieira", "M");
INSERT INTO PESSOA VALUES (69, "Diogo Oliveira Reis ", 56, 201405015, "Rua Dom Frei Martim Fagundes", "M");
INSERT INTO PESSOA VALUES (70, "Diogo Rafael Amorim Mendes ", 41, 201605360, "Travessa Xanana Gusmão", "M");

INSERT INTO GESTOR VALUES (6, 790, 966482169, "ricardosousa@gmail.com", "2015-04-25", "2018-03-15");
INSERT INTO GESTOR VALUES (4, 750, 915158744, "joaogamaamaral@gmail.com", "2014-12-01", "2018-03-12");
INSERT INTO GESTOR VALUES (7, 800, 969529577, "alexanderwegner@hotmail.com", "2016-05-02", "2018-04-30");
INSERT INTO GESTOR VALUES (9, 900, 979378288, "auchan_2018@web.com", "2017-08-02", "2019-04-04");

INSERT INTO CLIENTE VALUES (1, 1);
INSERT INTO CLIENTE VALUES (2, 2);
INSERT INTO CLIENTE VALUES (3, 3);
INSERT INTO CLIENTE VALUES (4, 4);
INSERT INTO CLIENTE VALUES (5, 5);
INSERT INTO CLIENTE VALUES (6, 6);
INSERT INTO CLIENTE VALUES (7, 7);
INSERT INTO CLIENTE VALUES (8, 8);
INSERT INTO CLIENTE VALUES (9, 9);
INSERT INTO CLIENTE VALUES (10, 13);
INSERT INTO CLIENTE VALUES (11, 20);
INSERT INTO CLIENTE VALUES (12, 12);
INSERT INTO CLIENTE VALUES (13, 14);
INSERT INTO CLIENTE VALUES (14, 19);
INSERT INTO CLIENTE VALUES (15, 30);
INSERT INTO CLIENTE VALUES (16, 42);
INSERT INTO CLIENTE VALUES (17, 43);
INSERT INTO CLIENTE VALUES (18, 50);
INSERT INTO CLIENTE VALUES (19, 32);
INSERT INTO CLIENTE VALUES (20, 24);

INSERT INTO FUNCIONARIO VALUES (1, 600, "Full Time", 3, "2016-01-01", "2019-01-01");
INSERT INTO FUNCIONARIO VALUES (2, 610, "Part Time", 3, "2014-01-01", "2017-01-01");
INSERT INTO FUNCIONARIO VALUES (3, 610, "Full Time", 3, "2016-01-01", "2019-01-01");
INSERT INTO FUNCIONARIO VALUES (4, 610, "Part Time", 3, "2014-01-01", "2017-01-01");
INSERT INTO FUNCIONARIO VALUES (6, 600, "Full Time", 3, "2016-02-21", "2019-02-21");
INSERT INTO FUNCIONARIO VALUES (12, 610, "Part Time", 3, "2014-06-22", "2017-06-22");
INSERT INTO FUNCIONARIO VALUES (13, 610, "Full Time", 3, "2016-07-01", "2019-07-01");
INSERT INTO FUNCIONARIO VALUES (14, 610, "Part Time", 3, "2014-08-01", "2017-08-01");
INSERT INTO FUNCIONARIO VALUES (5, 600, "Full Time", 3, "2016-09-01", "2019-09-01");
INSERT INTO FUNCIONARIO VALUES (15, 610, "Part Time", 5, "2014-11-01", "2019-11-01");
INSERT INTO FUNCIONARIO VALUES (16, 600, "Full Time", 4, "2016-01-01", "2020-01-01");
INSERT INTO FUNCIONARIO VALUES (8, 610, "Part Time", 5, "2014-01-01", "2019S-01-01");

INSERT INTO SEGURANCA VALUES (1);
INSERT INTO SEGURANCA VALUES (3);

INSERT INTO OPLIMPEZA VALUES (2);
INSERT INTO OPLIMPEZA VALUES (14);

INSERT INTO OPCAIXA VALUES (6);
INSERT INTO OPCAIXA VALUES (12);
/*
INSERT INTO GERENTE VALUES (16);
INSERT INTO GERENTE VALUES (8);
*/
INSERT INTO LOJA VALUES ("Rua Henrique de Sousa Reis, 4200-003", "Porto", 220730920, "Mon-Fri : 8:30AM - 11PM, Sat-Sun : 8:30AM - 9PM", 6);
INSERT INTO LOJA VALUES ("Avenida Robert Smith, 4710-249", "Braga", 253240300, "Mon-Fri : 8:30AM - 11PM, Sat-Sun : 8:30AM - 9PM", 4);
INSERT INTO LOJA VALUES ("R. Dr. Roberto Frias, 4200-465", "Porto", 225081400, "Mon-Fri : 8:30AM - 11PM, Sat-Sun : 8:30AM - 9PM", 7);
INSERT INTO LOJA VALUES ("Rua da Graça, 1170-166", "Lisboa", 225093410, "Mon-Fri : 8:30AM - 11PM, Sat-Sun : 8:30AM - 9PM", 9);

INSERT INTO FORNECEDOR VALUES ("Nestle","Rua Tronco 864, 4465-244 Sao Mamede de Infesta", "nestleportugal@gmail.com", 229050200);
INSERT INTO FORNECEDOR VALUES ("Continente","Lugar do Espido, Via Norte, Apartado 1011 4471-909", "provedoria@sonae.pt", 220104000);
INSERT INTO FORNECEDOR VALUES ("Milka", "Avenida Europa, Encosta do Rio, 4453-235 Matosinhos", "milkaportugal@gmail.com", 229051399);
INSERT INTO FORNECEDOR VALUES ("PescaNova", "Jardim da Carreira, Via Sul, 4345-117 Gaia", "pescanova@gmail.com", 227841399);
INSERT INTO FORNECEDOR VALUES ("CarnesSousa", "Jardim da Carreira, Via Sul, 4345-117 Gaia", "pescanova@gmail.com", 227841399);

INSERT INTO CENTRODISTRIBUICAO VALUES (1, "Rua da Nestle, 116-3860", "Mon-Fri : 9AM-6PM, Sat-Sun : 9AM-5PM" );
INSERT INTO CENTRODISTRIBUICAO VALUES (2, "Rua do Bom Sucesso, 115-3520", "Mon-Fri : 9AM-6PM, Sat-Sun : 9AM-5PM" );
INSERT INTO CENTRODISTRIBUICAO VALUES (3, "Rua dos Clérigos, 126-4059", "Mon-Fri : 9AM-6PM, Sat-Sun : 9AM-5PM" );
INSERT INTO CENTRODISTRIBUICAO VALUES (4, "Avenida Mestre Mendes, 138-3560", "Mon-Fri : 9AM-6PM, Sat-Sun : 9AM-5PM" );

INSERT INTO COMPRA VALUES (1, (1.10 - 0.15*1.10)*3, "2018-04-10", "Dinheiro", NULL, NULL);
INSERT INTO COMPRA VALUES (2, (2.00 - 0.15*2.00)*2, "2018-04-10", "Multibanco", NULL, NULL);
INSERT INTO COMPRA VALUES (3, 13.5, "2018-06-10", "Dinheiro", NULL, NULL);
INSERT INTO COMPRA VALUES (4, 3.99, "2018-05-12", "Multibanco", NULL, NULL);
INSERT INTO COMPRA VALUES (5, 2.00, "2018-05-16", "Dinheiro", NULL, NULL);

INSERT INTO COMPRAEM VALUES (1, "Rua da Graça, 1170-166", 1);
INSERT INTO COMPRAEM VALUES (7, "Rua Henrique de Sousa Reis, 4200-003", 4);
INSERT INTO COMPRAEM VALUES (12, "R. Dr. Roberto Frias, 4200-465", 2);
INSERT INTO COMPRAEM VALUES (7, "R. Dr. Roberto Frias, 4200-465", 3);
INSERT INTO COMPRAEM VALUES (3, "R. Dr. Roberto Frias, 4200-465", 5);

INSERT INTO TIPOPRODUTO VALUES (1, "Chocolate", 056000291452, "2018-07-21", "Nestle");
INSERT INTO TIPOPRODUTO VALUES (2, "Cereais", 012345678905, "2018-05-10", "Nestle");
INSERT INTO TIPOPRODUTO VALUES (3, "Mercearia", 0587675678905, "2018-06-01", "Continente");
INSERT INTO TIPOPRODUTO VALUES (7, "Peixaria", 01234587675678905, "2018-06-01", "PescaNova");
INSERT INTO TIPOPRODUTO VALUES (4, "Talho", 012345876712356705, "2018-08-01", "Continente");
INSERT INTO TIPOPRODUTO VALUES (5, "Legumes", 01275678905, "2018-09-01", "Continente");
INSERT INTO TIPOPRODUTO VALUES (6, "Padaria", 01234587671905, "2018-06-01", "Continente");

INSERT INTO PRODUTO VALUES (1, 1.10, 3, "KitKat", 1, 1);
INSERT INTO PRODUTO VALUES (2, 2.00, 2, "Wonka", 1, 3);
INSERT INTO PRODUTO VALUES (3, 2.70, 1, "Estrelitas", 2, 3);
INSERT INTO PRODUTO VALUES (4, 2.70, 1, "Cheerios", 2, 2);
INSERT INTO PRODUTO VALUES (5, 8.41, 1, "Atum Bife", 7, 4);
INSERT INTO PRODUTO VALUES (6, 8.41, 3, "Atum Bife", 7, 5);

INSERT INTO COMPRA VALUES (6, 36, '2018-3-21', "Multibanco", '2018-3-25', "Praça dos Clérigos");
INSERT INTO COMPRA VALUES (7, 71, '2018-3-24', "Dinheiro", '2018-3-25', "Rua Raúl Mestre");
INSERT INTO COMPRA VALUES (8, 42, '2018-6-4', "Dinheiro", NULL, NULL);
INSERT INTO COMPRA VALUES (9, 54, '2018-12-25', "Multibanco", NULL, NULL);
INSERT INTO COMPRA VALUES (10, 39, '2018-7-1', "Dinheiro", NULL, NULL);
INSERT INTO COMPRA VALUES (11, 38, '2018-9-13', "Dinheiro", NULL, NULL);
INSERT INTO COMPRA VALUES (12, 58, '2018-7-2', "Multibanco", NULL, NULL);
INSERT INTO COMPRA VALUES (13, 19, '2018-7-11', "Dinheiro", '2018-7-22', "Travessa da Areosa");
INSERT INTO COMPRA VALUES (14, 20, '2018-4-24', "Multibanco", NULL, NULL);
INSERT INTO COMPRA VALUES (15, 10, '2018-8-7', "Dinheiro", NULL, NULL);
INSERT INTO COMPRA VALUES (16, 44, '2018-7-21', "Multibanco", '2018-7-22', "Rua Mestre Guilherme Camarinha");
INSERT INTO COMPRA VALUES (17, 70, '2018-10-13', "Multibanco", NULL, NULL);
INSERT INTO COMPRA VALUES (18, 26, '2018-2-22', "Multibanco", NULL, NULL);
INSERT INTO COMPRA VALUES (19, 19, '2018-10-8', "Multibanco", NULL, NULL);
INSERT INTO COMPRA VALUES (20, 18, '2018-7-5', "Multibanco", NULL, NULL);
INSERT INTO COMPRA VALUES (21, 79, '2018-10-10', "Multibanco", NULL, NULL);
INSERT INTO COMPRA VALUES (22, 79, '2018-5-24', "Multibanco", NULL, NULL);
INSERT INTO COMPRA VALUES (23, 22, '2018-8-18', "Multibanco", NULL, NULL);
INSERT INTO COMPRA VALUES (24, 48, '2018-10-10', "Multibanco", NULL, NULL);
INSERT INTO COMPRA VALUES (25, 68, '2018-9-2', "Multibanco", NULL, NULL);
INSERT INTO COMPRA VALUES (26, 4, '2018-2-10', "Dinheiro", NULL, NULL);
INSERT INTO COMPRA VALUES (27, 21, '2018-5-8', "Dinheiro", NULL, NULL);
INSERT INTO COMPRA VALUES (28, 99, '2018-9-23', "Multibanco", NULL, NULL);
INSERT INTO COMPRA VALUES (29, 77, '2018-5-24', "Multibanco", NULL, NULL);
INSERT INTO COMPRA VALUES (30, 40, '2018-7-14', "Dinheiro", NULL, NULL);
INSERT INTO COMPRA VALUES (31, 99, '2018-3-11', "Multibanco", NULL, NULL);
INSERT INTO COMPRA VALUES (32, 64, '2018-3-27', "Dinheiro", NULL, NULL);
INSERT INTO COMPRA VALUES (33, 33, '2018-2-19', "Multibanco", NULL, NULL);
INSERT INTO COMPRA VALUES (34, 90, '2018-11-15', "Dinheiro", NULL, NULL);
INSERT INTO COMPRA VALUES (35, 89, '2018-3-16', "Dinheiro", NULL, NULL);
INSERT INTO COMPRA VALUES (36, 67, '2018-10-4', "Multibanco", NULL, NULL);
INSERT INTO COMPRA VALUES (37, 44, '2018-8-25', "Multibanco", NULL, NULL);
INSERT INTO COMPRA VALUES (38, 51, '2018-3-16', "Dinheiro", NULL, NULL);
INSERT INTO COMPRA VALUES (39, 18, '2018-9-28', "Multibanco", NULL, NULL);
INSERT INTO COMPRA VALUES (40, 50, '2018-7-8', "Dinheiro", NULL, NULL);
INSERT INTO COMPRA VALUES (41, 92, '2018-6-3', "Multibanco", NULL, NULL);
INSERT INTO COMPRA VALUES (42, 62, '2018-7-19', "Dinheiro", NULL, NULL);
INSERT INTO COMPRA VALUES (43, 57, '2018-2-2', "Dinheiro", NULL, NULL);
INSERT INTO COMPRA VALUES (44, 64, '2018-1-1', "Multibanco", NULL, NULL);
INSERT INTO COMPRA VALUES (45, 14, '2018-7-6', "Dinheiro", NULL, NULL);
INSERT INTO COMPRA VALUES (46, 41, '2018-5-15', "Multibanco", NULL, NULL);
INSERT INTO COMPRA VALUES (47, 97, '2018-8-9', "Dinheiro", NULL, NULL);
INSERT INTO COMPRA VALUES (48, 11, '2018-2-16', "Dinheiro", NULL, NULL);
INSERT INTO COMPRA VALUES (49, 64, '2018-6-28', "Dinheiro", NULL, NULL);
INSERT INTO COMPRA VALUES (50, 79, '2018-2-19', "Multibanco", '2018-2-22', "Oeiras, Avenida Pombal");
INSERT INTO COMPRA VALUES (51, 14, '2018-10-14', "Multibanco", '2018-10-16', "Nossa Senhora da Conceição");
INSERT INTO COMPRA VALUES (52, 52, '2018-6-18', "Dinheiro", NULL, NULL);
INSERT INTO COMPRA VALUES (53, 13, '2018-11-15', "Multibanco", NULL, NULL);
INSERT INTO COMPRA VALUES (54, 6, '2018-1-3', "Dinheiro", NULL, NULL);
INSERT INTO COMPRA VALUES (55, 39, '2018-12-6', "Dinheiro", NULL, NULL);
INSERT INTO COMPRA VALUES (56, 98, '2018-8-22', "Multibanco", NULL, NULL);
INSERT INTO COMPRA VALUES (57, 30, '2018-1-9', "Multibanco", NULL, NULL);
INSERT INTO COMPRA VALUES (58, 36, '2018-12-1', "Dinheiro", NULL, NULL);
INSERT INTO COMPRA VALUES (59, 9, '2018-5-5', "Dinheiro", NULL, NULL);
INSERT INTO COMPRA VALUES (60, 91, '2018-5-10', "Dinheiro", NULL, NULL);
INSERT INTO COMPRA VALUES (61, 32, '2018-6-9', "Multibanco", NULL, NULL);
INSERT INTO COMPRA VALUES (62, 64, '2018-1-8', "Dinheiro", NULL, NULL);
INSERT INTO COMPRA VALUES (63, 33, '2018-5-28', "Dinheiro", NULL, NULL);
INSERT INTO COMPRA VALUES (64, 2, '2018-6-18', "Dinheiro", NULL, NULL);
INSERT INTO COMPRA VALUES (65, 23, '2018-4-19', "Multibanco", NULL, NULL);
INSERT INTO COMPRA VALUES (66, 24, '2018-9-18', "Multibanco", NULL, NULL);
INSERT INTO COMPRA VALUES (67, 89, '2018-6-13', "Multibanco", NULL, NULL);
INSERT INTO COMPRA VALUES (68, 14, '2018-12-18', "Multibanco", NULL, NULL);
INSERT INTO COMPRA VALUES (69, 19, '2018-10-13', "Dinheiro", NULL, NULL);
INSERT INTO COMPRA VALUES (70, 35, '2018-8-14', "Dinheiro", NULL, NULL);
INSERT INTO COMPRA VALUES (71, 48, '2018-7-11', "Dinheiro", NULL, NULL);
INSERT INTO COMPRA VALUES (72, 42, '2018-9-3', "Multibanco", NULL, NULL);
INSERT INTO COMPRA VALUES (73, 28, '2018-3-23', "Multibanco", NULL, NULL);
INSERT INTO COMPRA VALUES (74, 6, '2018-6-25', "Multibanco", NULL, NULL);
INSERT INTO COMPRA VALUES (75, 96, '2018-7-9', "Dinheiro", NULL, NULL);
INSERT INTO COMPRA VALUES (76, 6, '2018-3-19', "Multibanco", NULL, NULL);
INSERT INTO COMPRA VALUES (77, 88, '2018-2-9', "Dinheiro", NULL, NULL);
INSERT INTO COMPRA VALUES (78, 99, '2018-1-15', "Dinheiro", NULL, NULL);
INSERT INTO COMPRA VALUES (79, 79, '2018-8-2', "Dinheiro", NULL, NULL);
INSERT INTO COMPRA VALUES (80, 96, '2018-7-28', "Dinheiro", NULL, NULL);
INSERT INTO COMPRA VALUES (81, 42, '2018-12-22', "Multibanco", NULL, NULL);
INSERT INTO COMPRA VALUES (82, 52, '2018-10-5', "Multibanco", NULL, NULL);
INSERT INTO COMPRA VALUES (83, 22, '2018-12-22', "Multibanco", NULL, NULL);
INSERT INTO COMPRA VALUES (84, 12, '2018-8-3', "Dinheiro", NULL, NULL);
INSERT INTO COMPRA VALUES (85, 88, '2018-1-4', "Multibanco", NULL, NULL);
INSERT INTO COMPRA VALUES (86, 35, '2018-8-19', "Dinheiro", NULL, NULL);
INSERT INTO COMPRA VALUES (87, 92, '2018-3-22', "Dinheiro", NULL, NULL);
INSERT INTO COMPRA VALUES (88, 20, '2018-1-19', "Dinheiro", NULL, NULL);
INSERT INTO COMPRA VALUES (89, 65, '2018-1-12', "Multibanco", NULL, NULL);
INSERT INTO COMPRA VALUES (90, 57, '2018-7-2', "Dinheiro", NULL, NULL);
INSERT INTO COMPRA VALUES (91, 67, '2018-12-2', "Multibanco", NULL, NULL);
INSERT INTO COMPRA VALUES (92, 56, '2018-8-8', "Dinheiro", NULL, NULL);
INSERT INTO COMPRA VALUES (93, 10, '2018-4-26', "Dinheiro", NULL, NULL);
INSERT INTO COMPRA VALUES (94, 46, '2018-5-15', "Multibanco", NULL, NULL);
INSERT INTO COMPRA VALUES (95, 53, '2018-12-12', "Dinheiro", NULL, NULL);
INSERT INTO COMPRA VALUES (96, 87, '2018-3-3', "Multibanco", NULL, NULL);
INSERT INTO COMPRA VALUES (97, 20, '2018-11-22', "Dinheiro", NULL, NULL);
INSERT INTO COMPRA VALUES (98, 79, '2018-9-26', "Dinheiro", NULL, NULL);
INSERT INTO COMPRA VALUES (99, 50, '2018-11-17', "Dinheiro", NULL, NULL);
INSERT INTO COMPRA VALUES (100, 98, '2018-3-18', "Dinheiro", NULL, NULL);
INSERT INTO COMPRA VALUES (101, 74, '2018-1-19', "Dinheiro", NULL, NULL);
INSERT INTO COMPRA VALUES (102, 82, '2018-5-4', "Multibanco", NULL, NULL);
INSERT INTO COMPRA VALUES (103, 78, '2018-6-17', "Multibanco", NULL, NULL);
INSERT INTO COMPRA VALUES (104, 27, '2018-6-21', "Dinheiro", NULL, NULL);
INSERT INTO COMPRA VALUES (105, 92, '2018-8-6', "Multibanco", NULL, NULL);
INSERT INTO COMPRAEM VALUES (19, "Rua da Graça, 1170-166", 6);
INSERT INTO COMPRAEM VALUES (7, "Rua da Graça, 1170-166", 7);
INSERT INTO COMPRAEM VALUES (1, "R. Dr. Roberto Frias, 4200-465", 8);
INSERT INTO COMPRAEM VALUES (18, "R. Dr. Roberto Frias, 4200-465", 9);
INSERT INTO COMPRAEM VALUES (4, "R. Dr. Roberto Frias, 4200-465", 10);
INSERT INTO COMPRAEM VALUES (17, "Rua da Graça, 1170-166", 11);
INSERT INTO COMPRAEM VALUES (17, "Avenida Robert Smith, 4710-249", 12);
INSERT INTO COMPRAEM VALUES (16, "R. Dr. Roberto Frias, 4200-465", 13);
INSERT INTO COMPRAEM VALUES (3, "Rua Henrique de Sousa Reis, 4200-003", 14);
INSERT INTO COMPRAEM VALUES (5, "Avenida Robert Smith, 4710-249", 15);
INSERT INTO COMPRAEM VALUES (3, "R. Dr. Roberto Frias, 4200-465", 16);
INSERT INTO COMPRAEM VALUES (1, "R. Dr. Roberto Frias, 4200-465", 17);
INSERT INTO COMPRAEM VALUES (18, "R. Dr. Roberto Frias, 4200-465", 18);
INSERT INTO COMPRAEM VALUES (18, "Rua da Graça, 1170-166", 19);
INSERT INTO COMPRAEM VALUES (15, "Rua Henrique de Sousa Reis, 4200-003", 20);
INSERT INTO COMPRAEM VALUES (3, "Rua Henrique de Sousa Reis, 4200-003", 21);
INSERT INTO COMPRAEM VALUES (3, "Rua Henrique de Sousa Reis, 4200-003", 22);
INSERT INTO COMPRAEM VALUES (15, "Rua Henrique de Sousa Reis, 4200-003", 23);
INSERT INTO COMPRAEM VALUES (20, "Rua Henrique de Sousa Reis, 4200-003", 24);
INSERT INTO COMPRAEM VALUES (14, "Rua da Graça, 1170-166", 25);
INSERT INTO COMPRAEM VALUES (10, "Rua Henrique de Sousa Reis, 4200-003", 26);
INSERT INTO COMPRAEM VALUES (12, "Rua Henrique de Sousa Reis, 4200-003", 27);
INSERT INTO COMPRAEM VALUES (19, "Rua da Graça, 1170-166", 28);
INSERT INTO COMPRAEM VALUES (6, "Avenida Robert Smith, 4710-249", 29);
INSERT INTO COMPRAEM VALUES (4, "Avenida Robert Smith, 4710-249", 30);
INSERT INTO COMPRAEM VALUES (18, "Avenida Robert Smith, 4710-249", 31);
INSERT INTO COMPRAEM VALUES (4, "R. Dr. Roberto Frias, 4200-465", 32);
INSERT INTO COMPRAEM VALUES (5, "R. Dr. Roberto Frias, 4200-465", 33);
INSERT INTO COMPRAEM VALUES (20, "R. Dr. Roberto Frias, 4200-465", 34);
INSERT INTO COMPRAEM VALUES (11, "Rua Henrique de Sousa Reis, 4200-003", 35);
INSERT INTO COMPRAEM VALUES (3, "Rua da Graça, 1170-166", 36);
INSERT INTO COMPRAEM VALUES (10, "Avenida Robert Smith, 4710-249", 37);
INSERT INTO COMPRAEM VALUES (13, "Rua da Graça, 1170-166", 38);
INSERT INTO COMPRAEM VALUES (6, "Rua Henrique de Sousa Reis, 4200-003", 39);
INSERT INTO COMPRAEM VALUES (11, "Rua Henrique de Sousa Reis, 4200-003", 40);
INSERT INTO COMPRAEM VALUES (6, "Avenida Robert Smith, 4710-249", 41);
INSERT INTO COMPRAEM VALUES (20, "Rua da Graça, 1170-166", 42);
INSERT INTO COMPRAEM VALUES (5, "Avenida Robert Smith, 4710-249", 43);
INSERT INTO COMPRAEM VALUES (14, "Rua Henrique de Sousa Reis, 4200-003", 44);
INSERT INTO COMPRAEM VALUES (9, "Rua Henrique de Sousa Reis, 4200-003", 45);
INSERT INTO COMPRAEM VALUES (8, "R. Dr. Roberto Frias, 4200-465", 46);
INSERT INTO COMPRAEM VALUES (20, "R. Dr. Roberto Frias, 4200-465", 47);
INSERT INTO COMPRAEM VALUES (12, "Rua Henrique de Sousa Reis, 4200-003", 48);
INSERT INTO COMPRAEM VALUES (19, "Rua Henrique de Sousa Reis, 4200-003", 49);
INSERT INTO COMPRAEM VALUES (3, "Rua Henrique de Sousa Reis, 4200-003", 50);
INSERT INTO COMPRAEM VALUES (19, "Rua da Graça, 1170-166", 51);
INSERT INTO COMPRAEM VALUES (9, "Rua da Graça, 1170-166", 52);
INSERT INTO COMPRAEM VALUES (5, "R. Dr. Roberto Frias, 4200-465", 53);
INSERT INTO COMPRAEM VALUES (10, "Rua Henrique de Sousa Reis, 4200-003", 54);
INSERT INTO COMPRAEM VALUES (16, "Rua Henrique de Sousa Reis, 4200-003", 55);
INSERT INTO COMPRAEM VALUES (15, "Rua Henrique de Sousa Reis, 4200-003", 56);
INSERT INTO COMPRAEM VALUES (13, "Avenida Robert Smith, 4710-249", 57);
INSERT INTO COMPRAEM VALUES (3, "Rua Henrique de Sousa Reis, 4200-003", 58);
INSERT INTO COMPRAEM VALUES (18, "Rua da Graça, 1170-166", 59);
INSERT INTO COMPRAEM VALUES (7, "Avenida Robert Smith, 4710-249", 60);
INSERT INTO COMPRAEM VALUES (19, "Avenida Robert Smith, 4710-249", 61);
INSERT INTO COMPRAEM VALUES (12, "Rua Henrique de Sousa Reis, 4200-003", 62);
INSERT INTO COMPRAEM VALUES (10, "Avenida Robert Smith, 4710-249", 63);
INSERT INTO COMPRAEM VALUES (18, "R. Dr. Roberto Frias, 4200-465", 64);
INSERT INTO COMPRAEM VALUES (9, "R. Dr. Roberto Frias, 4200-465", 65);
INSERT INTO COMPRAEM VALUES (10, "Rua da Graça, 1170-166", 66);
INSERT INTO COMPRAEM VALUES (11, "Rua da Graça, 1170-166", 67);
INSERT INTO COMPRAEM VALUES (6, "Rua da Graça, 1170-166", 68);
INSERT INTO COMPRAEM VALUES (16, "R. Dr. Roberto Frias, 4200-465", 69);
INSERT INTO COMPRAEM VALUES (4, "Avenida Robert Smith, 4710-249", 70);
INSERT INTO COMPRAEM VALUES (20, "Avenida Robert Smith, 4710-249", 71);
INSERT INTO COMPRAEM VALUES (19, "Avenida Robert Smith, 4710-249", 72);
INSERT INTO COMPRAEM VALUES (20, "Rua da Graça, 1170-166", 73);
INSERT INTO COMPRAEM VALUES (2, "Rua da Graça, 1170-166", 74);
INSERT INTO COMPRAEM VALUES (5, "Rua da Graça, 1170-166", 75);
INSERT INTO COMPRAEM VALUES (4, "R. Dr. Roberto Frias, 4200-465", 76);
INSERT INTO COMPRAEM VALUES (8, "Rua Henrique de Sousa Reis, 4200-003", 77);
INSERT INTO COMPRAEM VALUES (3, "R. Dr. Roberto Frias, 4200-465", 78);
INSERT INTO COMPRAEM VALUES (19, "Rua da Graça, 1170-166", 79);
INSERT INTO COMPRAEM VALUES (9, "Rua Henrique de Sousa Reis, 4200-003", 80);
INSERT INTO COMPRAEM VALUES (14, "Rua da Graça, 1170-166", 81);
INSERT INTO COMPRAEM VALUES (15, "Rua Henrique de Sousa Reis, 4200-003", 82);
INSERT INTO COMPRAEM VALUES (5, "Rua da Graça, 1170-166", 83);
INSERT INTO COMPRAEM VALUES (10, "R. Dr. Roberto Frias, 4200-465", 84);
INSERT INTO COMPRAEM VALUES (1, "Avenida Robert Smith, 4710-249", 85);
INSERT INTO COMPRAEM VALUES (1, "Rua Henrique de Sousa Reis, 4200-003", 86);
INSERT INTO COMPRAEM VALUES (12, "Avenida Robert Smith, 4710-249", 87);
INSERT INTO COMPRAEM VALUES (19, "Avenida Robert Smith, 4710-249", 88);
INSERT INTO COMPRAEM VALUES (13, "Rua da Graça, 1170-166", 89);
INSERT INTO COMPRAEM VALUES (2, "Avenida Robert Smith, 4710-249", 90);
INSERT INTO COMPRAEM VALUES (17, "Rua Henrique de Sousa Reis, 4200-003", 91);
INSERT INTO COMPRAEM VALUES (20, "Avenida Robert Smith, 4710-249", 92);
INSERT INTO COMPRAEM VALUES (17, "Avenida Robert Smith, 4710-249", 93);
INSERT INTO COMPRAEM VALUES (1, "R. Dr. Roberto Frias, 4200-465", 94);
INSERT INTO COMPRAEM VALUES (19, "R. Dr. Roberto Frias, 4200-465", 95);
INSERT INTO COMPRAEM VALUES (16, "Rua da Graça, 1170-166", 96);
INSERT INTO COMPRAEM VALUES (11, "Avenida Robert Smith, 4710-249", 97);
INSERT INTO COMPRAEM VALUES (12, "R. Dr. Roberto Frias, 4200-465", 98);
INSERT INTO COMPRAEM VALUES (1, "R. Dr. Roberto Frias, 4200-465", 99);
INSERT INTO COMPRAEM VALUES (16, "Avenida Robert Smith, 4710-249", 100);
INSERT INTO COMPRAEM VALUES (8, "R. Dr. Roberto Frias, 4200-465", 101);
INSERT INTO COMPRAEM VALUES (5, "R. Dr. Roberto Frias, 4200-465", 102);
INSERT INTO COMPRAEM VALUES (18, "Rua da Graça, 1170-166", 103);
INSERT INTO COMPRAEM VALUES (17, "Rua da Graça, 1170-166", 104);
INSERT INTO COMPRAEM VALUES (2, "Avenida Robert Smith, 4710-249", 105);
INSERT INTO PRODUTO VALUES (7, 10, 4, "Coca-Cola", 3, 17);
INSERT INTO PRODUTO VALUES (8, 5, 3, "KitKat", 6, 61);
INSERT INTO PRODUTO VALUES (9, 5, 5, "Lagartas", 3, 72);
INSERT INTO PRODUTO VALUES (10, 4, 4, "KitKat", 6, 99);
INSERT INTO PRODUTO VALUES (11, 3, 3, "Bacalhau", 5, 76);
INSERT INTO PRODUTO VALUES (12, 10, 1, "KitKat", 2, 28);
INSERT INTO PRODUTO VALUES (13, 10, 3, "Bacalhau", 4, 17);
INSERT INTO PRODUTO VALUES (14, 8, 3, "Coca-Cola", 2, 39);
INSERT INTO PRODUTO VALUES (15, 3, 1, "Croissant", 4, 100);
INSERT INTO PRODUTO VALUES (16, 2, 4, "KitKat", 3, 51);
INSERT INTO PRODUTO VALUES (17, 10, 2, "Lagartas", 6, 26);
INSERT INTO PRODUTO VALUES (18, 9, 3, "Wonka", 5, 70);
INSERT INTO PRODUTO VALUES (19, 8, 4, "Bacalhau", 2, 74);
INSERT INTO PRODUTO VALUES (20, 6, 5, "Trina", 6, 65);
INSERT INTO PRODUTO VALUES (21, 8, 5, "Bacalhau", 4, 54);
INSERT INTO PRODUTO VALUES (22, 9, 1, "Cortiça", 1, 48);
INSERT INTO PRODUTO VALUES (23, 2, 1, "Wonka", 2, 42);
INSERT INTO PRODUTO VALUES (24, 9, 2, "Fita cola", 2, 104);
INSERT INTO PRODUTO VALUES (25, 3, 2, "Vodka", 5, 75);
INSERT INTO PRODUTO VALUES (26, 7, 3, "Wonka", 3, 6);
INSERT INTO PRODUTO VALUES (27, 4, 4, "Cerveja", 1, 44);
INSERT INTO PRODUTO VALUES (28, 2, 1, "Cortiça", 3, 16);
INSERT INTO PRODUTO VALUES (29, 3, 2, "Cheerios", 5, 21);
INSERT INTO PRODUTO VALUES (30, 6, 2, "Natas", 2, 86);
INSERT INTO PRODUTO VALUES (31, 7, 4, "hamburguer", 5, 87);
INSERT INTO PRODUTO VALUES (32, 5, 1, "Bacalhau", 1, 70);
INSERT INTO PRODUTO VALUES (33, 4, 5, "Croissant", 4, 92);
INSERT INTO PRODUTO VALUES (34, 3, 2, "Cortiça", 6, 58);
INSERT INTO PRODUTO VALUES (35, 5, 5, "Cortiça", 3, 98);
INSERT INTO PRODUTO VALUES (36, 1, 2, "Atum Bife", 1, 68);
INSERT INTO PRODUTO VALUES (37, 7, 2, "Bacalhau", 6, 55);
INSERT INTO PRODUTO VALUES (38, 6, 4, "Lagartas", 3, 43);
INSERT INTO PRODUTO VALUES (39, 4, 4, "Atum Bife", 4, 25);
INSERT INTO PRODUTO VALUES (40, 6, 4, "KitKat", 1, 37);
INSERT INTO PRODUTO VALUES (41, 2, 4, "KitKat", 1, 104);
INSERT INTO PRODUTO VALUES (42, 1, 3, "Croissant", 4, 32);
INSERT INTO PRODUTO VALUES (43, 5, 3, "Vodka", 2, 30);
INSERT INTO PRODUTO VALUES (44, 7, 1, "Atum Bife", 5, 53);
INSERT INTO PRODUTO VALUES (45, 7, 1, "Lagartas", 1, 59);
INSERT INTO PRODUTO VALUES (46, 1, 5, "Cheerios", 2, 94);
INSERT INTO PRODUTO VALUES (47, 4, 3, "Fita cola", 6, 82);
INSERT INTO PRODUTO VALUES (48, 1, 5, "hamburguer", 4, 8);
INSERT INTO PRODUTO VALUES (49, 9, 5, "Cheerios", 2, 98);
INSERT INTO PRODUTO VALUES (50, 2, 3, "Wonka", 2, 8);
INSERT INTO PRODUTO VALUES (51, 5, 4, "Vodka", 5, 52);
INSERT INTO PRODUTO VALUES (52, 8, 2, "Atum Bife", 4, 59);
INSERT INTO PRODUTO VALUES (53, 7, 3, "Coca-Cola", 2, 71);
INSERT INTO PRODUTO VALUES (54, 9, 3, "Croissant", 5, 83);
INSERT INTO PRODUTO VALUES (55, 2, 5, "Croissant", 1, 17);
INSERT INTO PRODUTO VALUES (56, 6, 5, "Cortiça", 4, 98);
INSERT INTO PRODUTO VALUES (57, 9, 3, "Cerveja", 4, 17);
INSERT INTO PRODUTO VALUES (58, 7, 2, "Cerveja", 1, 84);
INSERT INTO PRODUTO VALUES (59, 5, 1, "Cerveja", 2, 33);
INSERT INTO PRODUTO VALUES (60, 4, 3, "Croissant", 3, 62);
INSERT INTO PRODUTO VALUES (61, 8, 4, "Estrelitas", 5, 28);
INSERT INTO PRODUTO VALUES (62, 1, 4, "Fita cola", 5, 75);
INSERT INTO PRODUTO VALUES (63, 4, 5, "Pizza", 5, 85);
INSERT INTO PRODUTO VALUES (64, 2, 2, "Coca-Cola", 6, 40);
INSERT INTO PRODUTO VALUES (65, 4, 1, "Cortiça", 6, 18);
INSERT INTO PRODUTO VALUES (66, 8, 5, "Cerveja", 6, 15);
INSERT INTO PRODUTO VALUES (67, 10, 2, "Trina", 5, 102);
INSERT INTO PRODUTO VALUES (68, 1, 3, "Coca-Cola", 6, 59);
INSERT INTO PRODUTO VALUES (69, 4, 4, "Lagartas", 5, 61);
INSERT INTO PRODUTO VALUES (70, 7, 1, "Fita cola", 2, 29);
INSERT INTO PRODUTO VALUES (71, 10, 1, "hamburguer", 4, 79);
INSERT INTO PRODUTO VALUES (72, 2, 5, "Cheerios", 2, 60);
INSERT INTO PRODUTO VALUES (73, 2, 3, "Cerveja", 5, 7);
INSERT INTO PRODUTO VALUES (74, 8, 2, "Wonka", 6, 103);
INSERT INTO PRODUTO VALUES (75, 4, 4, "KitKat", 2, 86);
INSERT INTO PRODUTO VALUES (76, 2, 3, "KitKat", 4, 86);
INSERT INTO PRODUTO VALUES (77, 9, 2, "Wonka", 2, 9);
INSERT INTO PRODUTO VALUES (78, 6, 1, "Bacalhau", 4, 22);
INSERT INTO PRODUTO VALUES (79, 7, 2, "hamburguer", 5, 14);
INSERT INTO PRODUTO VALUES (80, 3, 1, "Bacalhau", 1, 11);
INSERT INTO PRODUTO VALUES (81, 10, 2, "Cortiça", 4, 66);
INSERT INTO PRODUTO VALUES (82, 2, 1, "Bacalhau", 6, 43);
INSERT INTO PRODUTO VALUES (83, 1, 5, "Cheerios", 6, 38);
INSERT INTO PRODUTO VALUES (84, 10, 1, "Pizza", 5, 30);
INSERT INTO PRODUTO VALUES (85, 3, 4, "Coca-Cola", 5, 47);
INSERT INTO PRODUTO VALUES (86, 10, 5, "Croissant", 5, 58);
INSERT INTO PRODUTO VALUES (87, 3, 4, "Atum Bife", 4, 103);
INSERT INTO PRODUTO VALUES (88, 9, 3, "KitKat", 3, 38);
INSERT INTO PRODUTO VALUES (89, 8, 5, "hamburguer", 1, 101);
INSERT INTO PRODUTO VALUES (90, 6, 4, "Croissant", 5, 80);
INSERT INTO PRODUTO VALUES (91, 3, 2, "Estrelitas", 4, 64);
INSERT INTO PRODUTO VALUES (92, 2, 1, "Lagartas", 2, 89);
INSERT INTO PRODUTO VALUES (93, 8, 1, "Cheerios", 6, 22);
INSERT INTO PRODUTO VALUES (94, 2, 2, "Natas", 6, 88);
INSERT INTO PRODUTO VALUES (95, 4, 3, "Vodka", 5, 80);
INSERT INTO PRODUTO VALUES (96, 3, 2, "Cheerios", 3, 101);
INSERT INTO PRODUTO VALUES (97, 5, 3, "Vodka", 4, 81);
INSERT INTO PRODUTO VALUES (98, 7, 4, "KitKat", 4, 105);
INSERT INTO PRODUTO VALUES (99, 6, 1, "Coca-Cola", 6, 76);
INSERT INTO PRODUTO VALUES (100, 10, 4, "KitKat", 3, 6);
INSERT INTO PRODUTO VALUES (101, 2, 4, "Trina", 3, 91);
INSERT INTO PRODUTO VALUES (102, 1, 4, "Natas", 5, 17);
INSERT INTO PRODUTO VALUES (103, 5, 4, "Bacalhau", 2, 7);
INSERT INTO PRODUTO VALUES (104, 3, 3, "Lagartas", 5, 96);
INSERT INTO PRODUTO VALUES (105, 9, 5, "Wonka", 5, 7);

INSERT INTO DESCONTO VALUES (1, 15, "2018-04-05", "2018-04-15", "Avenida Robert Smith, 4710-249", 1);
INSERT INTO DESCONTO VALUES (2, 25, "2018-03-12", "2018-05-14", "R. Dr. Roberto Frias, 4200-465", 2);
INSERT INTO DESCONTO VALUES (3, 50, "2018-02-25", "2018-05-14", "R. Dr. Roberto Frias, 4200-465", 3);
INSERT INTO DESCONTO VALUES (4, 65, "2018-01-13", "2018-05-14", "R. Dr. Roberto Frias, 4200-465", 5);
INSERT INTO DESCONTO VALUES (5, 80, "2018-07-03", "2018-12-14", "Rua da Graça, 1170-166", 7);

INSERT INTO EFORNECIDA VALUES(1, "Rua Henrique de Sousa Reis, 4200-003");
INSERT INTO EFORNECIDA VALUES(2, "Avenida Robert Smith, 4710-249");
INSERT INTO EFORNECIDA VALUES(3, "R. Dr. Roberto Frias, 4200-465");
INSERT INTO EFORNECIDA VALUES(4, "Rua da Graça, 1170-166");

INSERT INTO DISTRIBUI VALUES(1,1);
INSERT INTO DISTRIBUI VALUES(2,2);
INSERT INTO DISTRIBUI VALUES(3,3);
INSERT INTO DISTRIBUI VALUES(4,4);

INSERT INTO FORNECEPRODUTOS VALUES("Milka",1);
INSERT INTO FORNECEPRODUTOS VALUES("Nestle",2);
INSERT INTO FORNECEPRODUTOS VALUES("Continente",3);
INSERT INTO FORNECEPRODUTOS VALUES("PescaNova",4);

INSERT INTO TRABALHAEM VALUES (1, "Rua Henrique de Sousa Reis, 4200-003");
INSERT INTO TRABALHAEM VALUES (2, "Rua Henrique de Sousa Reis, 4200-003");
INSERT INTO TRABALHAEM VALUES (3, "Rua Henrique de Sousa Reis, 4200-003");
INSERT INTO TRABALHAEM VALUES (4, "Rua Henrique de Sousa Reis, 4200-003");

INSERT INTO VENDAS VALUES (1, "R. Dr. Roberto Frias, 4200-465", 7.5, 15, "2018-05-24");
INSERT INTO VENDAS VALUES (2, "R. Dr. Roberto Frias, 4200-465", 50, 45, "2018-05-22");
INSERT INTO VENDAS VALUES (1, "Avenida Robert Smith, 4710-249", 25, 50, "2018-05-24");
INSERT INTO VENDAS VALUES (2, "Avenida Robert Smith, 4710-249", 80, 200, "2018-05-22");
INSERT INTO VENDAS VALUES (1, "Rua Henrique de Sousa Reis, 4200-003", 175, 200, "2018-05-24");
INSERT INTO VENDAS VALUES (2, "Rua Henrique de Sousa Reis, 4200-003", 750, 400, "2018-05-22");
INSERT INTO VENDAS VALUES (3, "Rua Henrique de Sousa Reis, 4200-003", 500, 30, "2018-05-24");
