PRAGMA foreign_keys = ON;

INSERT INTO PESSOA VALUES (1, "Alexandra Mendes", 20, 201604741, "Rua do Picoto", "F");
INSERT INTO PESSOA VALUES (2, "Ana Claudia Mendes", 26, 20181504, "Rua do Picoto", "F");
INSERT INTO PESSOA VALUES (3, "Duarte Carvalho", 20, 15540645, "Rua Monte Aventino", "M");
INSERT INTO PESSOA VALUES (4, "Joao Gama Amaral", 20, 04152018, "Rua das Antas", "M");
INSERT INTO PESSOA VALUES (5, "Joana Silva Rodrigues", 23, 03122180, "Rua Manuel Laranjeira", "F");
INSERT INTO PESSOA VALUES (6, "Ricardo Sousa", 22, 0123456, "Rua Igreja das Antas", "M" );
INSERT INTO PESSOA VALUES (7, "Carolina Soares", 20, 3213132, "Rua Igreja das notas", "F" );
INSERT INTO PESSOA VALUES (8, "Herrera Ferreira", 105, 231123, "Estadio do dragao", "M" );
INSERT INTO PESSOA VALUES (9, "Alexandra Carvalho", 24, 204604741, "Rua do Fereiro", "F");
INSERT INTO PESSOA VALUES (10, "Ana Mendes", 26, 20181231504, "Avenida dos Clerigos", "F");
INSERT INTO PESSOA VALUES (11, "Filipe Carvalho", 22, 15544645, "Rua Monte Aventino", "M");
INSERT INTO PESSOA VALUES (12, "Joao Silva", 20, 04158018, "Rua das Antas", "M");
INSERT INTO PESSOA VALUES (13, "Joana Rodrigues", 23, 03172180, "Rua Manuel Americo", "F");
INSERT INTO PESSOA VALUES (14, "Rui Sousa", 22, 0193456, "Avenida Europa", "M" );
INSERT INTO PESSOA VALUES (15, "Rui Soares", 20, 3253132, "Rua Igreja dos Monges", "F" );
INSERT INTO PESSOA VALUES (16, "Rui Alves", 19, 237123, "Estadio do Bessa", "M" );
INSERT INTO PESSOA VALUES (17, "Pedro Moreira", 37, 63794827, "Avenida Europa", "M");
INSERT INTO PESSOA VALUES (18, "Francisco Souto", 40, 12958473, "Sr. da Conceiçao", "M");
INSERT INTO PESSOA VALUES (19, "Tomás Viveiros", 59, 374683920, "Paroquia Nova", "M");
INSERT INTO PESSOA VALUES (20, "Teresa Albuquerque", 34, 56783456, "Travessa da Areosa", "F");
INSERT INTO PESSOA VALUES (21, "Adélia Maria da Costa Santos ", 51, 201711973, "Rua 5 de Outubro", "M");
INSERT INTO PESSOA VALUES (22, "Afonso Jorge Moreira Maia Ramos ", 31, 201506239, "Travessa Central do Seixo", "F");
INSERT INTO PESSOA VALUES (23, "Afonso José Guerra da Mota de Almeida Azevedo ", 53, 201603523, "Travessa Dom Frei Luís Álvaro de Távora", "F");
INSERT INTO PESSOA VALUES (24, "Alexandra Isabel Vieites Mendes ", 26, 201604741, "Rua de Mormugão", "M");
INSERT INTO PESSOA VALUES (25, "Amadeu Prazeres Pereira ", 26, 201605646, "Rua de São Gens", "M");
INSERT INTO PESSOA VALUES (26, "Ana Isabel Ferreira Maia ", 48, 201504108, "Rua Central do Viso", "M");
INSERT INTO PESSOA VALUES (27, "Ana Rita Fonseca Santos ", 22, 201605240, "Rua Dom Frei Nuno de Goyos", "M");
INSERT INTO PESSOA VALUES (28, "Ana Rita Norinho Pinto ", 38, 201606003, "Rua de Ormuz", "M");
INSERT INTO PESSOA VALUES (29, "Ana Sá e Sousa Carneiro da Silva ", 49, 201604105, "Rua dos Fogueteiros", "M");
INSERT INTO PESSOA VALUES (30, "André Filipe de Soveral Torres Lopes dos Santos ", 23, 200505634, "Rua Artur Napoleão", "M");
INSERT INTO PESSOA VALUES (31, "André Filipe Pinto Esteves ", 31, 201606673, "Rua Monte de São Gens", "F");
INSERT INTO PESSOA VALUES (32, "André Luís Lázaro Ferreira ", 23, 201504706, "Rua Serviço STCP", "F");
INSERT INTO PESSOA VALUES (33, "Ângelo Miguel Tenreiro Teixeira ", 54, 201606516, "Travessa António Ramalho", "M");
INSERT INTO PESSOA VALUES (34, "Antero Campos Gandra ", 35, 201607926, "Rua de Picoto", "M");
INSERT INTO PESSOA VALUES (35, "António Jorge Aguiar do Vale ", 51, 201404572, "Rua Dom Frei Nuno de Goyos", "M");
INSERT INTO PESSOA VALUES (36, "António Manuel Ribeiro Pereira da Costa ", 61, 201609065, "Travessa de Ormuz", "M");
INSERT INTO PESSOA VALUES (37, "António Nunes da Cruz ", 39, 201603526, "Rua Nova do Seixo", "M");
INSERT INTO PESSOA VALUES (38, "Beatriz de Henriques Martins ", 31, 201502858, "Rua da Fonte Velha", "M");
INSERT INTO PESSOA VALUES (39, "Beatriz Soares Mendes ", 46, 201604253, "Rua da Amieira", "M");
INSERT INTO PESSOA VALUES (40, "Bernardo Manuel Costa Barbosa ", 25, 201503477, "Via Norte", "F");
INSERT INTO PESSOA VALUES (41, "Bernardo Manuel Faria Ramos ", 52, 201505092, "Via Norte", "F");
INSERT INTO PESSOA VALUES (42, "Bernardo Oliveira Teixeira Santos ", 58, 201504711, "Rua de Ormuz", "M");
INSERT INTO PESSOA VALUES (43, "Bruno André de Oliveira Vale Marques Fernandes ", 57, 200707284, "Rua Serviço STCP", "M");
INSERT INTO PESSOA VALUES (44, "Bruno Dias da Costa Carvalho ", 58, 201606517, "Rua António Patrício", "M");
INSERT INTO PESSOA VALUES (45, "Bruno Edgar Évora Rebelo Oliveira ", 21, 201605516, "Rua António Costa Reis", "M");
INSERT INTO PESSOA VALUES (46, "Bruno Miguel da Silva Barbosa Sousa ", 45, 201604145, "Estrada Exterior da Circunvalação", "F");
INSERT INTO PESSOA VALUES (47, "Carlos Daniel Coelho Ferreira Gomes ", 61, 201603404, "Rua Aldeia Nova", "M");
INSERT INTO PESSOA VALUES (48, "Carlos Manuel Pires Bras ", 34, 201404616, "Rua da Fonte Velha", "M");
INSERT INTO PESSOA VALUES (49, "Carlos Miguel Sousa Vieira ", 51, 201606868, "Rua Sérgio Manuel da Silva Leite", "F");
INSERT INTO PESSOA VALUES (50, "Carolina Vasconcelos Castro Azevedo ", 55, 201506509, "Travessa Soares dos Reis", "M");
INSERT INTO PESSOA VALUES (51, "Catarina de Almeida Figueiredo ", 63, 201606334, "Travessa Mário Botas", "M");
INSERT INTO PESSOA VALUES (52, "Célio Bruno Faustino Nunes ", 35, 200800660, "Rua do Alto do Viso", "F");
INSERT INTO PESSOA VALUES (53, "César Alexandre da Costa Pinho ", 28, 201604039, "Rua da Telheira", "F");
INSERT INTO PESSOA VALUES (54, "César Manuel Nobre Medeiros ", 44, 201605344, "Rua de Avilhó", "M");
INSERT INTO PESSOA VALUES (55, "Christopher Fernandes de Abreu ", 39, 201604735, "Travessa Carlos de Oliveira", "M");
INSERT INTO PESSOA VALUES (56, "Cláudia Raquel Botelho Sobral Mamede ", 21, 201604832, "Rua da Realidade", "M");
INSERT INTO PESSOA VALUES (57, "Cláudio Fischer Lemos ", 21, 201603542, "Rua Isolina Costa Lima", "M");
INSERT INTO PESSOA VALUES (58, "Daniel Pereira da Silva ", 55, 201503212, "Rua Padre Manuel Bernardes", "M");
INSERT INTO PESSOA VALUES (59, "David Rafael Silva Falcão ", 35, 201506571, "Rua Central do Seixo", "F");
INSERT INTO PESSOA VALUES (60, "Dinis Falcão Leite Moreira ", 23, 201503092, "Rua Carlos de Oliveira", "F");
INSERT INTO PESSOA VALUES (61, "Diogo Afonso Duarte Reis ", 30, 201505472, "Travessa Nova do Seixo", "M");
INSERT INTO PESSOA VALUES (62, "Diogo Eurico Vaz de Bacelar da Fonseca e Costa ", 43, 201505198, "Via Norte", "F");
INSERT INTO PESSOA VALUES (63, "Diogo Figueiredo Silva ", 32, 201603438, "Travessa do Viso", "F");
INSERT INTO PESSOA VALUES (64, "Diogo Filipe Alves Dores ", 25, 201504614, "Alameda Miguel Almeida", "F");
INSERT INTO PESSOA VALUES (65, "Diogo Filipe da Silva Yaguas ", 48, 201606165, "Rua António Patrício", "M");
INSERT INTO PESSOA VALUES (66, "Diogo Henrique de Almeida Silva Pereira ", 65, 201505318, "Rua João Sá Peixoto", "M");
INSERT INTO PESSOA VALUES (67, "Diogo Leal da Silva Mota Pinto ", 41, 201404527, "Rua Carlos de Oliveira", "M");
INSERT INTO PESSOA VALUES (68, "Diogo Lousa Ribeiro ", 32, 201605324, "Rua da Amieira", "M");
INSERT INTO PESSOA VALUES (69, "Diogo Oliveira Reis ", 56, 201405015, "Rua Dom Frei Martim Fagundes", "M");
INSERT INTO PESSOA VALUES (70, "Diogo Rafael Amorim Mendes ", 41, 201605360, "Travessa Xanana Gusmão", "M");

INSERT INTO GESTOR VALUES (6, 790, 966482169, "ricardosousa@gmail.com", "2015-04-25", "2018-03-15");
INSERT INTO GESTOR VALUES (4, 750, 915158744, "joaogamaamaral@gmail.com", "2014-12-01", "2018-03-12");
INSERT INTO GESTOR VALUES (7, 800, 969529577, "alexanderwegner@hotmail.com", "2016-05-02", "2018-04-30");
INSERT INTO GESTOR VALUES (9, 900, 979378288, "auchan_2018@web.com", "2017-08-02", "2019-04-04");

INSERT INTO CLIENTE VALUES (1, 1);
INSERT INTO CLIENTE VALUES (2, 2);
INSERT INTO CLIENTE VALUES (3, 3);
INSERT INTO CLIENTE VALUES (4, 4);
INSERT INTO CLIENTE VALUES (5, 5);
INSERT INTO CLIENTE VALUES (6, 6);
INSERT INTO CLIENTE VALUES (7, 7);
INSERT INTO CLIENTE VALUES (8, 8);
INSERT INTO CLIENTE VALUES (9, 9);
INSERT INTO CLIENTE VALUES (10, 13);
INSERT INTO CLIENTE VALUES (11, 20);
INSERT INTO CLIENTE VALUES (12, 12);
INSERT INTO CLIENTE VALUES (13, 14);
INSERT INTO CLIENTE VALUES (14, 19);
INSERT INTO CLIENTE VALUES (15, 30);
INSERT INTO CLIENTE VALUES (16, 42);
INSERT INTO CLIENTE VALUES (17, 43);
INSERT INTO CLIENTE VALUES (18, 50);
INSERT INTO CLIENTE VALUES (19, 32);
INSERT INTO CLIENTE VALUES (20, 24);

INSERT INTO FUNCIONARIO VALUES (1, 600, "Full Time", 3, "2016-01-01", "2019-01-01");
INSERT INTO FUNCIONARIO VALUES (2, 610, "Part Time", 3, "2014-01-01", "2017-01-01");
INSERT INTO FUNCIONARIO VALUES (3, 610, "Full Time", 3, "2016-01-01", "2019-01-01");
INSERT INTO FUNCIONARIO VALUES (4, 610, "Part Time", 3, "2014-01-01", "2017-01-01");
INSERT INTO FUNCIONARIO VALUES (6, 600, "Full Time", 3, "2016-02-21", "2019-02-21");
INSERT INTO FUNCIONARIO VALUES (12, 610, "Part Time", 3, "2014-06-22", "2017-06-22");
INSERT INTO FUNCIONARIO VALUES (13, 610, "Full Time", 3, "2016-07-01", "2019-07-01");
INSERT INTO FUNCIONARIO VALUES (14, 610, "Part Time", 3, "2014-08-01", "2017-08-01");
INSERT INTO FUNCIONARIO VALUES (5, 600, "Full Time", 3, "2016-09-01", "2019-09-01");
INSERT INTO FUNCIONARIO VALUES (15, 610, "Part Time", 5, "2014-11-01", "2019-11-01");
INSERT INTO FUNCIONARIO VALUES (16, 600, "Full Time", 4, "2016-01-01", "2020-01-01");
INSERT INTO FUNCIONARIO VALUES (8, 610, "Part Time", 5, "2014-01-01", "2019S-01-01");

INSERT INTO SEGURANCA VALUES (1);
INSERT INTO SEGURANCA VALUES (3);

INSERT INTO OPLIMPEZA VALUES (2);
INSERT INTO OPLIMPEZA VALUES (14);

INSERT INTO OPCAIXA VALUES (6);
INSERT INTO OPCAIXA VALUES (12);

INSERT INTO GERENTE VALUES (16);
INSERT INTO GERENTE VALUES (8);

INSERT INTO LOJA VALUES ("Rua Henrique de Sousa Reis, 4200-003", "Porto", 220730920, "Mon-Fri : 8:30AM - 11PM, Sat-Sun : 8:30AM - 9PM", 6);
INSERT INTO LOJA VALUES ("Avenida Robert Smith, 4710-249", "Braga", 253240300, "Mon-Fri : 8:30AM - 11PM, Sat-Sun : 8:30AM - 9PM", 4);
INSERT INTO LOJA VALUES ("R. Dr. Roberto Frias, 4200-465", "Porto", 225081400, "Mon-Fri : 8:30AM - 11PM, Sat-Sun : 8:30AM - 9PM", 7);
INSERT INTO LOJA VALUES ("Rua da Graça, 1170-166", "Lisboa", 225093410, "Mon-Fri : 8:30AM - 11PM, Sat-Sun : 8:30AM - 9PM", 9);

INSERT INTO FORNECEDOR VALUES ("Nestle","Rua Tronco 864, 4465-244 Sao Mamede de Infesta", "nestleportugal@gmail.com", 229050200);
INSERT INTO FORNECEDOR VALUES ("Continente","Lugar do Espido, Via Norte, Apartado 1011 4471-909", "provedoria@sonae.pt", 220104000);

INSERT INTO CENTRODISTRIBUICAO VALUES (1, "Rua da Nestle, 116-3860", "Mon-Fri : 9AM-6PM, Sat-Sun : 9AM-5PM" );

INSERT INTO COMPRA VALUES (1, (1.10 - 0.15*1.10)*3, "2018-04-10", "Multibanco", NULL, NULL, 1);
INSERT INTO COMPRA VALUES (2, (2.00 - 0.15*2.00)*2, "2018-04-10", "Multibanco", NULL, NULL, 1);
INSERT INTO COMPRA VALUES (3, 2.70, "2018-04-10", "Multibanco", NULL, NULL, 2);
INSERT INTO COMPRA VALUES (4, 2.70, "2018-04-10", "Multibanco", NULL, NULL, 2);

INSERT INTO TIPOPRODUTO VALUES (1, "Chocolate", 056000291452, "2018-07-21", "Nestle");
INSERT INTO TIPOPRODUTO VALUES (2, "Cereais", 012345678905, "2018-05-10", "Nestle");
INSERT INTO TIPOPRODUTO VALUES (3, "Mercearia", 0587675678905, "2018-06-01", "Continente");
INSERT INTO TIPOPRODUTO VALUES (7, "Peixaria", 01234587675678905, "2018-06-01", "Continente");
INSERT INTO TIPOPRODUTO VALUES (4, "Talho", 012345876712356705, "2018-08-01", "Continente");
INSERT INTO TIPOPRODUTO VALUES (5, "Legumes", 01275678905, "2018-09-01", "Continente");
INSERT INTO TIPOPRODUTO VALUES (6, "Padaria", 01234587671905, "2018-06-01", "Continente");

INSERT INTO PRODUTO VALUES (1, 1.10, 3, "KitKat", 1, 1);
INSERT INTO PRODUTO VALUES (2, 2.00, 2, "Wonka", 1, 1);
INSERT INTO PRODUTO VALUES (3, 2.70, 1, "Estrelitas", 2, 2);
INSERT INTO PRODUTO VALUES (4, 2.70, 1, "Cheerios", 2, 2);
INSERT INTO PRODUTO VALUES (5, 8.41, 1, "Atum Bife", 7, 2);

INSERT INTO DESCONTO VALUES (1, 15, "2018-04-05", "2018-04-15", "Avenida Robert Smith, 4710-249", 1);
INSERT INTO DESCONTO VALUES (2, 25, "2018-05-06", "2018-05-14", "R. Dr. Roberto Frias, 4200-465", 2);

INSERT INTO TRABALHAEM VALUES (1, "Rua Henrique de Sousa Reis, 4200-003");
INSERT INTO TRABALHAEM VALUES (2, "Rua Henrique de Sousa Reis, 4200-003");
INSERT INTO TRABALHAEM VALUES (3, "Rua Henrique de Sousa Reis, 4200-003");
INSERT INTO TRABALHAEM VALUES (4, "Rua Henrique de Sousa Reis, 4200-003");

INSERT INTO VENDAS VALUES (1, "R. Dr. Roberto Frias, 4200-465", 7.5, 15, "2018-05-24");
INSERT INTO VENDAS VALUES (2, "R. Dr. Roberto Frias, 4200-465", 50, 45, "2018-05-22");
INSERT INTO VENDAS VALUES (1, "Avenida Robert Smith, 4710-249", 25, 50, "2018-05-24");
INSERT INTO VENDAS VALUES (2, "Avenida Robert Smith, 4710-249", 80, 200, "2018-05-22");
INSERT INTO VENDAS VALUES (1, "Rua Henrique de Sousa Reis, 4200-003", 175, 200, "2018-05-24");
INSERT INTO VENDAS VALUES (2, "Rua Henrique de Sousa Reis, 4200-003", 750, 400, "2018-05-22");
INSERT INTO VENDAS VALUES (3, "Rua Henrique de Sousa Reis, 4200-003", 500, 30, "2018-05-24");
